,,,,,Games,Games,Receiving,Receiving,Receiving,Receiving,Receiving,Receiving,Receiving,Receiving,Receiving,Receiving,Receiving,Receiving,Rushing,Rushing,Rushing,Rushing,Rushing,Rushing,Rushing,Rushing,Rushing,Total Yds,Total Yds,Total Yds,,,-additional
Rk,Player,Tm,Age,Pos,G,GS,Tgt,Rec,Yds,Y/R,TD,1D,Succ%,Lng,R/G,Y/G,Ctch%,Y/Tgt,Att,Yds,TD,1D,Succ%,Lng,Y/A,Y/G,A/G,Touch,Y/Tch,YScm,RRTD,Fmb,-9999
1,Christian McCaffrey,SFO,27,RB,5,5,24,20,168,8.4,1,12,70.8,19,4.0,33.6,83.3%,7.0,99,510,7,28,55.6,65,5.2,102.0,19.8,119,5.7,678,8,2,McCaCh01
2,Tyreek Hill,MIA,29,WR,5,5,49,36,651,18.1,5,29,69.4,69,7.2,130.2,73.5%,13.3,1,14,0,1,100.0,14,14.0,2.8,0.2,37,18.0,665,5,,HillTy00
3,Puka Nacua,LAR,22,WR,5,5,63,46,572,12.4,2,30,63.5,37,9.2,114.4,73.0%,9.1,2,4,0,1,50.0,4,2.0,0.8,0.4,48,12.0,576,2,1,NacuPu00
4,Justin Jefferson,MIN,24,WR,5,5,53,36,571,15.9,3,28,64.2,52,7.2,114.2,67.9%,10.8,,,0,0,,,,,,36,15.9,571,3,1,JeffJu00
5,A.J. Brown,PHI,26,WR,5,5,51,35,541,15.5,2,26,52.9,59,7.0,108.2,68.6%,10.6,,,0,0,,,,,,35,15.5,541,2,,BrowAJ00
6,Travis Etienne,JAX,24,RB,5,5,21,18,144,8.0,0,8,61.9,22,3.6,28.8,85.7%,6.9,95,396,3,17,46.3,35,4.2,79.2,19.0,113,4.8,540,3,,EtieTr00
7,D.J. Moore,CHI,26,WR,5,5,34,27,531,19.7,5,21,64.7,58,5.4,106.2,79.4%,15.6,,,0,0,,,,,,27,19.7,531,5,,MoorD.00
8,De'Von Achane,MIA,22,RB,4,1,11,9,67,7.4,2,5,63.6,17,2.3,16.8,81.8%,6.1,38,460,5,15,71.1,76,12.1,115.0,9.5,47,11.2,527,7,1,AchaDe00
9,Stefon Diggs,BUF,30,WR,5,5,50,39,520,13.3,5,24,68.0,55,7.8,104.0,78.0%,10.4,,,0,0,,,,,,39,13.3,520,5,1,DiggSt00
10,Zack Moss,IND,26,RB,4,4,10,8,72,9.0,1,2,30.0,26,2.0,18.0,80.0%,7.2,89,445,3,24,49.4,56,5.0,111.3,22.3,97,5.3,517,4,,MossZa00
11,Bijan Robinson,ATL,21,RB,5,5,24,21,146,7.0,2,9,50.0,29,4.2,29.2,87.5%,6.1,67,364,0,21,47.8,38,5.4,72.8,13.4,88,5.8,510,2,1,RobiBi01
12,D'Andre Swift,PHI,24,RB,5,4,17,15,75,5.0,0,2,52.9,11,3.0,15.0,88.2%,4.4,76,434,2,20,64.5,43,5.7,86.8,15.2,91,5.6,509,2,,SwifDA00
13,Ja'Marr Chase,CIN,23,WR,5,5,60,44,476,10.8,3,30,68.3,63,8.8,95.2,73.3%,7.9,1,2,0,0,0.0,2,2.0,0.4,0.2,45,10.6,478,3,,ChasJa00
14,Nico Collins,HOU,24,WR,5,2,36,25,467,18.7,3,19,63.9,52,5.0,93.4,69.4%,13.0,,,0,0,,,,,,25,18.7,467,3,,CollNi00
15,Breece Hall,NYJ,22,RB,5,5,13,8,59,7.4,0,2,38.5,20,1.6,11.8,61.5%,4.5,54,387,1,12,46.3,83,7.2,77.4,10.8,62,7.2,446,1,2,HallBr03
16,Davante Adams,LVR,31,WR,5,5,54,37,442,11.9,3,26,64.8,32,7.4,88.4,68.5%,8.2,,,0,0,,,,,,37,11.9,442,3,,AdamDa01
17,Raheem Mostert,MIA,31,RB,5,5,17,15,128,8.5,1,3,58.8,22,3.0,25.6,88.2%,7.5,58,314,7,17,53.4,43,5.4,62.8,11.6,73,6.1,442,8,3,MostRa00
18,Keenan Allen,LAC,31,WR,4,4,44,35,434,12.4,3,19,65.9,42,8.8,108.5,79.5%,9.9,2,6,0,1,100.0,4,3.0,1.5,0.5,37,11.9,440,3,1,AlleKe00
19,Tony Pollard,DAL,26,RB,5,5,22,19,96,5.1,0,5,45.5,26,3.8,19.2,86.4%,4.4,81,340,2,19,53.1,31,4.2,68.0,16.2,100,4.4,436,2,2,PollTo00
20,James Cook,BUF,24,RB,5,5,18,14,140,10.0,0,5,50.0,48,2.8,28.0,77.8%,7.8,61,292,1,14,50.8,36,4.8,58.4,12.2,75,5.8,432,1,,CookJa01
21,Derrick Henry,TEN,29,RB,5,5,11,9,101,11.2,0,2,45.5,46,1.8,20.2,81.8%,9.2,86,328,2,17,45.3,29,3.8,65.6,17.2,95,4.5,429,2,,HenrDe00
22,Josh Jacobs,LVR,25,RB,5,5,30,23,193,8.4,0,9,60.0,21,4.6,38.6,76.7%,6.4,82,235,2,13,47.6,24,2.9,47.0,16.4,105,4.1,428,2,,JacoJo01
23,Isiah Pacheco,KAN,24,RB,5,4,13,11,99,9.0,0,2,53.8,33,2.2,19.8,84.6%,7.6,71,325,3,20,52.1,48,4.6,65.0,14.2,82,5.2,424,3,,PachIs00
24,David Montgomery,DET,26,RB,4,4,9,5,47,9.4,0,3,55.6,12,1.3,11.8,55.6%,5.2,88,371,6,23,55.7,42,4.2,92.8,22.0,93,4.5,418,6,1,MontDa01
25,George Pickens,PIT,22,WR,5,5,40,22,393,17.9,2,14,47.5,71,4.4,78.6,55.0%,9.8,1,16,0,1,100.0,16,16.0,3.2,0.2,23,17.8,409,2,1,PickGe00
26,Joe Mixon,CIN,27,RB,5,5,17,13,80,6.2,0,1,41.2,32,2.6,16.0,76.5%,4.7,84,328,1,20,47.6,22,3.9,65.6,16.8,97,4.2,408,1,,MixoJo00
27,Kyren Williams,LAR,23,RB,5,4,24,13,105,8.1,1,5,41.7,20,2.6,21.0,54.2%,4.4,77,298,5,17,57.1,20,3.9,59.6,15.4,90,4.5,403,6,1,WillKy02
28,Adam Thielen,CAR,33,WR,5,5,46,38,394,10.4,3,25,65.2,30,7.6,78.8,82.6%,8.6,1,6,0,0,100.0,6,6.0,1.2,0.2,39,10.3,400,3,,ThieAd00
29,James Conner,ARI,28,RB,5,5,10,8,30,3.8,0,2,20.0,11,1.6,6.0,80.0%,3.0,68,364,2,16,48.5,35,5.4,72.8,13.6,76,5.2,394,2,,ConnJa00
30,Deebo Samuel,SFO,27,WR,5,5,31,20,302,15.1,1,12,54.8,42,4.0,60.4,64.5%,9.7,16,84,1,3,68.8,17,5.3,16.8,3.2,36,10.7,386,2,1,SamuDe00
31,CeeDee Lamb,DAL,24,WR,5,5,35,27,358,13.3,1,15,62.9,49,5.4,71.6,77.1%,10.2,3,21,0,1,66.7,12,7.0,4.2,0.6,30,12.6,379,1,1,LambCe00
32,Brandon Aiyuk,SFO,25,WR,4,4,27,21,378,18.0,2,20,77.8,42,5.3,94.5,77.8%,14.0,,,0,0,,,,,,21,18.0,378,2,,AiyuBr00
33,Brian Robinson Jr.,WAS,24,RB,5,5,11,9,88,9.8,1,4,54.5,24,1.8,17.6,81.8%,8.0,67,271,3,21,47.8,27,4.0,54.2,13.4,76,4.7,359,4,1,RobiBr01
34,DeAndre Hopkins,TEN,31,WR,5,5,42,26,356,13.7,0,19,54.8,38,5.2,71.2,61.9%,8.5,,,0,0,,,,,,26,13.7,356,0,,HopkDe00
35,Kenneth Walker III,SEA,23,RB,4,4,10,8,73,9.1,0,4,60.0,36,2.0,18.3,80.0%,7.3,64,283,5,17,53.1,36,4.4,70.8,16.0,72,4.9,356,5,,WalkKe00
36,Khalil Herbert,CHI,25,RB,5,5,18,10,83,8.3,1,5,38.9,23,2.0,16.6,55.6%,4.6,51,272,0,12,51.0,34,5.3,54.4,10.2,61,5.8,355,1,1,HerbKh00
37,Alexander Mattison,MIN,25,RB,5,5,21,14,76,5.4,2,3,33.3,16,2.8,15.2,66.7%,3.6,64,276,0,10,48.4,17,4.3,55.2,12.8,78,4.5,352,2,1,MattAl01
38,Calvin Ridley,JAX,29,WR,5,5,36,22,333,15.1,2,16,58.3,32,4.4,66.6,61.1%,9.3,2,14,0,1,50.0,11,7.0,2.8,0.4,24,14.5,347,2,1,RidlCa00
39,Christian Kirk,JAX,27,WR,5,5,43,30,335,11.2,1,15,58.1,45,6.0,67.0,69.8%,7.8,1,6,0,0,100.0,6,6.0,1.2,0.2,31,11.0,341,1,,KirkCh01
40,Mike Evans,TAM,30,WR,4,4,31,20,337,16.9,3,12,61.3,70,5.0,84.3,64.5%,10.9,,,0,0,,,,,,20,16.9,337,3,,EvanMi00
41,Amon-Ra St. Brown,DET,24,WR,4,4,35,26,331,12.7,2,16,65.7,39,6.5,82.8,74.3%,9.5,1,4,0,0,0.0,4,4.0,1.0,0.3,27,12.4,335,2,1,StxxAm00
42,Tank Dell,HOU,24,WR,5,3,28,19,324,17.1,2,13,57.1,68,3.8,64.8,67.9%,11.6,4,9,0,0,50.0,7,2.3,1.8,0.8,23,14.5,333,2,1,DellNa00
43,Dameon Pierce,HOU,23,RB,5,5,12,9,84,9.3,0,2,50.0,27,1.8,16.8,75.0%,7.0,84,247,1,9,39.3,15,2.9,49.4,16.8,93,3.6,331,1,,PierDa01
44,Marquise Brown,ARI,26,WR,5,5,42,25,300,12.0,3,19,52.4,41,5.0,60.0,59.5%,7.1,1,29,0,1,100.0,29,29.0,5.8,0.2,26,12.7,329,3,,BrowMa04
45,Zay Flowers,BAL,23,WR,5,5,40,29,317,10.9,0,13,55.0,52,5.8,63.4,72.5%,7.9,5,11,0,0,40.0,6,2.2,2.2,1.0,34,9.6,328,0,,FlowZa00
46,Gabriel Davis,BUF,24,WR,5,5,26,18,320,17.8,4,15,69.2,40,3.6,64.0,69.2%,12.3,1,-2,0,0,0.0,-2,-2.0,-0.4,0.2,19,16.7,318,4,,DaviGa01
47,Chris Olave,NOR,23,WR,5,3,43,25,318,12.7,1,16,53.5,45,5.0,63.6,58.1%,7.4,,,0,0,,,,,,25,12.7,318,1,,OlavCh00
48,Tutu Atwell,LAR,24,WR,5,5,40,24,279,11.6,2,17,52.5,44,4.8,55.8,60.0%,7.0,2,27,0,1,100.0,22,13.5,5.4,0.4,26,11.8,306,2,,AtweTu00
49,Michael Pittman Jr.,IND,26,WR,5,5,46,31,297,9.6,1,14,47.8,39,6.2,59.4,67.4%,6.5,,,0,0,,,,,,31,9.6,297,1,1,PittMi01
50,Rachaad White,TAM,24,RB,4,4,13,13,86,6.6,0,3,46.2,16,3.3,21.5,100.0%,6.6,63,206,1,11,44.4,13,3.3,51.5,15.8,76,3.8,292,1,1,WhitRa01
51,Josh Reynolds,DET,28,WR,5,4,24,16,291,18.2,3,16,66.7,33,3.2,58.2,66.7%,12.1,,,0,0,,,,,,16,18.2,291,3,,ReynJo00
52,DeVonta Smith,PHI,25,WR,5,5,34,23,290,12.6,2,9,44.1,63,4.6,58.0,67.6%,8.5,,,0,0,,,,,,23,12.6,290,2,,SmitDe07
53,Jaylen Warren,PIT,25,RB,5,0,25,21,166,7.9,0,7,44.0,30,4.2,33.2,84.0%,6.6,34,124,0,7,44.1,18,3.6,24.8,6.8,55,5.3,290,0,1,WarrJa01
54,Sam LaPorta,DET,22,TE,5,4,31,25,289,11.6,3,14,61.3,45,5.0,57.8,80.6%,9.3,,,0,0,,,,,,25,11.6,289,3,,LaPoSa01
55,Najee Harris,PIT,25,RB,5,5,9,5,37,7.4,0,1,22.2,32,1.0,7.4,55.6%,4.1,63,247,0,12,44.4,24,3.9,49.4,12.6,68,4.2,284,0,,HarrNa00
56,Michael Thomas,NOR,30,WR,5,3,39,26,284,10.9,0,15,56.4,26,5.2,56.8,66.7%,7.3,,,0,0,,,,,,26,10.9,284,0,,ThomMi05
57,Garrett Wilson,NYJ,23,WR,5,5,43,24,279,11.6,2,12,34.9,68,4.8,55.8,55.8%,6.5,,,0,0,,,,,,24,11.6,279,2,,WilsGa00
58,Rhamondre Stevenson,NWE,25,RB,5,5,18,12,87,7.3,0,4,22.2,32,2.4,17.4,66.7%,4.8,68,188,1,9,42.6,12,2.8,37.6,13.6,80,3.4,275,1,,StevRh00
59,Jakobi Meyers,LVR,27,WR,4,4,36,25,274,11.0,3,14,55.6,25,6.3,68.5,69.4%,7.6,1,0,0,0,0.0,0,0.0,0.0,0.3,26,10.5,274,3,,MeyeJa01
60,Miles Sanders,CAR,26,RB,5,5,24,15,81,5.4,0,4,33.3,14,3.0,16.2,62.5%,3.4,61,190,1,9,34.4,15,3.1,38.0,12.2,76,3.6,271,1,2,SandMi01
61,D.K. Metcalf,SEA,26,WR,4,4,23,18,268,14.9,2,14,78.3,34,4.5,67.0,78.3%,11.7,,,0,0,,,,,,18,14.9,268,2,,MetcDK00
62,Lamar Jackson,BAL,26,QB,5,5,,,,,0,0,,,,,,,47,265,4,18,53.2,26,5.6,53.0,9.4,47,5.6,265,4,7,JackLa00
63,Jerome Ford,CLE,24,RB,4,2,13,10,77,7.7,2,4,53.8,19,2.5,19.3,76.9%,5.9,50,186,1,6,34.0,69,3.7,46.5,12.5,60,4.4,263,3,1,FordJe00
64,Curtis Samuel,WAS,27,WR,5,3,27,23,243,10.6,1,11,59.3,37,4.6,48.6,85.2%,9.0,3,20,1,2,100.0,13,6.7,4.0,0.6,26,10.1,263,2,,SamuCu00
65,Terry McLaurin,WAS,28,WR,5,5,31,25,261,10.4,1,13,61.3,32,5.0,52.2,80.6%,8.4,,,0,0,,,,,,25,10.4,261,1,,McLaTe00
66,Evan Engram,JAX,29,TE,5,5,37,29,260,9.0,0,12,62.2,28,5.8,52.0,78.4%,7.0,,,0,0,,,,,,29,9.0,260,0,1,EngrEv00
67,Amari Cooper,CLE,29,WR,4,4,31,18,259,14.4,1,13,54.8,43,4.5,64.8,58.1%,8.4,,,0,0,,,,,,18,14.4,259,1,,CoopAm00
68,Marvin Mims,DEN,21,WR,5,2,12,10,246,24.6,1,6,58.3,60,2.0,49.2,83.3%,20.5,3,13,0,0,33.3,8,4.3,2.6,0.6,13,19.9,259,1,1,MimsMa00
69,Samaje Perine,DEN,28,RB,5,1,18,15,168,11.2,0,6,72.2,29,3.0,33.6,83.3%,9.3,24,88,0,5,37.5,12,3.7,17.6,4.8,39,6.6,256,0,1,PeriSa00
70,Josh Downs,IND,22,WR,5,3,33,23,255,11.1,0,11,51.5,38,4.6,51.0,69.7%,7.7,,,0,0,,,,,,23,11.1,255,0,,DownJo00
71,Chris Godwin,TAM,27,WR,4,4,30,21,255,12.1,0,14,56.7,42,5.3,63.8,70.0%,8.5,,,0,0,,,,,,21,12.1,255,0,,GodwCh00
72,Michael Wilson,ARI,23,WR,5,4,18,15,255,17.0,2,11,66.7,69,3.0,51.0,83.3%,14.2,,,0,0,,,,,,15,17.0,255,2,,WilsMi02
73,T.J. Hockenson,MIN,26,TE,5,3,39,30,254,8.5,2,14,53.8,24,6.0,50.8,76.9%,6.5,,,0,0,,,,,,30,8.5,254,2,1,HockTJ00
74,Mike Williams,LAC,29,WR,3,3,26,19,249,13.1,1,9,53.8,49,6.3,83.0,73.1%,9.6,1,3,0,0,0.0,3,3.0,1.0,0.3,20,12.6,252,1,,WillMi07
75,Jordan Addison,MIN,21,WR,5,2,29,19,249,13.1,3,10,48.3,62,3.8,49.8,65.5%,8.6,,,0,0,,,,,,19,13.1,249,3,,AddiJo00
76,Jahmyr Gibbs,DET,21,RB,4,1,18,14,70,5.0,0,4,50.0,10,3.5,17.5,77.8%,3.9,39,179,0,8,35.9,21,4.6,44.8,9.8,53,4.7,249,0,,GibbJa01
77,Jonnu Smith,ATL,28,TE,5,1,27,21,246,11.7,0,11,63.0,33,4.2,49.2,77.8%,9.1,,,0,0,,,,,,21,11.7,246,0,1,SmitJo01
78,Jaylen Waddle,MIA,25,WR,4,4,26,17,245,14.4,1,13,53.8,35,4.3,61.3,65.4%,9.4,1,-2,0,0,0.0,-2,-2.0,-0.5,0.3,18,13.5,243,1,,WaddJa00
79,Gus Edwards,BAL,28,RB,5,3,3,2,1,0.5,0,0,33.3,7,0.4,0.2,66.7%,0.3,56,241,1,13,46.4,20,4.3,48.2,11.2,58,4.2,242,1,,EdwaGu00
80,Darren Waller,NYG,31,TE,5,5,34,23,239,10.4,0,11,58.8,25,4.6,47.8,67.6%,7.0,,,0,0,,,,,,23,10.4,239,0,,WallDa01
81,Cole Kmet,CHI,24,TE,5,5,29,23,231,10.0,3,13,65.5,23,4.6,46.2,79.3%,8.0,2,1,0,1,50.0,1,0.5,0.2,0.4,25,9.3,232,3,1,KmetCo00
82,Courtland Sutton,DEN,28,WR,5,5,31,21,229,10.9,3,11,54.8,25,4.2,45.8,67.7%,7.4,,,0,0,,,,,,21,10.9,229,3,2,SuttCo00
83,Romeo Doubs,GNB,23,WR,5,4,37,21,228,10.9,3,14,40.5,30,4.2,45.6,56.8%,6.2,,,0,0,,,,,,21,10.9,228,3,,DoubRo00
84,Mark Andrews,BAL,28,TE,4,3,28,20,225,11.3,3,12,60.7,36,5.0,56.3,71.4%,8.0,,,0,0,,,,,,20,11.3,225,3,,AndrMa00
85,Rashid Shaheed,NOR,25,WR,5,2,21,14,213,15.2,1,10,52.4,45,2.8,42.6,66.7%,10.1,3,11,0,0,66.7,6,3.7,2.2,0.6,17,13.2,224,1,1,ShahRa00
86,Tyler Allgeier,ATL,23,RB,5,1,9,6,32,5.3,0,2,22.2,16,1.2,6.4,66.7%,3.6,62,191,2,14,43.5,22,3.1,38.2,12.4,68,3.3,223,2,,AllgTy00
87,Travis Kelce,KAN,34,TE,4,4,37,27,222,8.2,3,12,56.8,24,6.8,55.5,73.0%,6.0,,,0,0,,,,,,27,8.2,222,3,,KelcTr00
88,Robert Woods,HOU,31,WR,5,5,40,21,221,10.5,0,14,42.5,25,4.2,44.2,52.5%,5.5,,,0,0,,,,,,21,10.5,221,0,,WoodRo02
89,AJ Dillon,GNB,25,RB,5,3,6,3,25,8.3,0,1,50.0,12,0.6,5.0,50.0%,4.2,64,194,1,12,50.0,14,3.0,38.8,12.8,67,3.3,219,1,,DillAJ00
90,Tyjae Spears,TEN,22,RB,5,0,19,14,63,4.5,0,4,26.3,14,2.8,12.6,73.7%,3.3,27,156,1,9,63.0,22,5.8,31.2,5.4,41,5.3,219,1,,SpeaTy00
91,Justin Watson,KAN,27,WR,5,2,16,10,219,21.9,0,7,62.5,37,2.0,43.8,62.5%,13.7,,,0,0,,,,,,10,21.9,219,0,1,WatsJu01
92,Kendrick Bourne,NWE,28,WR,5,2,33,18,218,12.1,2,10,42.4,28,3.6,43.6,54.5%,6.6,,,0,0,,,,,,18,12.1,218,2,,BourKe00
93,Tyler Higbee,LAR,30,TE,5,5,29,18,216,12.0,0,11,51.7,33,3.6,43.2,62.1%,7.4,,,0,0,,,,,,18,12.0,216,0,,HigbTy00
94,George Kittle,SFO,30,TE,5,5,23,17,215,12.6,3,10,56.5,38,3.4,43.0,73.9%,9.3,,,0,0,,,,,,17,12.6,215,3,,KittGe00
95,Kalif Raymond,DET,29,WR,5,3,14,11,164,14.9,1,7,64.3,36,2.2,32.8,78.6%,11.7,2,51,0,2,100.0,40,25.5,10.2,0.4,13,16.5,215,1,,RaymKa00
96,Joshua Kelley,LAC,26,RB,4,3,3,1,5,5.0,0,0,33.3,5,0.3,1.3,33.3%,1.7,57,207,1,15,45.6,22,3.6,51.8,14.3,58,3.7,212,1,,KellJo01
97,Chuba Hubbard,CAR,24,RB,5,0,14,12,57,4.8,0,3,28.6,12,2.4,11.4,85.7%,4.1,35,154,0,13,57.1,21,4.4,30.8,7.0,47,4.5,211,0,,HubbCh01
98,Jerry Jeudy,DEN,24,WR,4,3,24,17,208,12.2,0,10,45.8,46,4.3,52.0,70.8%,8.7,,,0,0,,,,,,17,12.2,208,0,,JeudJe00
99,Jayden Reed,GNB,23,WR,5,4,27,13,210,16.2,2,9,44.4,44,2.6,42.0,48.1%,7.8,1,-2,0,0,0.0,-2,-2.0,-0.4,0.2,14,14.9,208,2,1,ReedJa03
100,Jalen Hurts,PHI,25,QB,5,5,,,,,0,0,,,,,,,55,206,4,25,60.0,24,3.7,41.2,11.0,55,3.7,206,4,1,HurtJa00
101,Jaleel McLaughlin,DEN,23,RB,5,0,8,7,46,6.6,2,2,37.5,22,1.4,9.2,87.5%,5.8,22,160,1,6,50.0,38,7.3,32.0,4.4,29,7.1,206,3,,McLaJa00
102,Dallas Goedert,PHI,28,TE,5,5,28,21,205,9.8,1,9,53.6,49,4.2,41.0,75.0%,7.3,,,0,0,,,,,,21,9.8,205,1,,GoedDa00
103,Drake London,ATL,22,WR,5,5,31,17,204,12.0,2,11,48.4,32,3.4,40.8,54.8%,6.6,,,0,0,,,,,,17,12.0,204,2,,LondDr00
104,Kyle Pitts,ATL,23,TE,5,4,32,18,208,11.6,0,10,46.9,34,3.6,41.6,56.3%,6.5,1,-4,0,0,0.0,-4,-4.0,-0.8,0.2,19,10.7,204,0,,PittKy00
105,Tyler Conklin,NYJ,28,TE,5,5,23,17,203,11.9,0,7,47.8,37,3.4,40.6,73.9%,8.8,,,0,0,,,,,,17,11.9,203,0,,ConkTy00
106,Ezekiel Elliott,NWE,28,RB,5,0,15,12,44,3.7,0,0,20.0,8,2.4,8.8,80.0%,2.9,42,159,0,10,40.5,14,3.8,31.8,8.4,54,3.8,203,0,1,ElliEz00
107,Allen Lazard,NYJ,28,WR,5,5,20,13,202,15.5,1,11,65.0,39,2.6,40.4,65.0%,10.1,,,0,0,,,,,,13,15.5,202,1,,LazaAl00
108,Daniel Jones,NYG,26,QB,5,5,,,,,0,0,,,,,,,38,197,1,15,52.6,17,5.2,39.4,7.6,38,5.2,197,1,4,JoneDa05
109,Rondale Moore,ARI,23,WR,5,2,17,11,81,7.4,0,4,29.4,31,2.2,16.2,64.7%,4.8,8,116,1,2,50.0,45,14.5,23.2,1.6,19,10.4,197,1,,MoorRo02
110,Nick Chubb,CLE,28,RB,2,2,4,4,21,5.3,0,1,50.0,10,2.0,10.5,100.0%,5.3,28,170,0,8,57.1,20,6.1,85.0,14.0,32,6.0,191,0,,ChubNi00
111,Justin Fields,CHI,24,QB,5,5,,,,,0,0,,,,,,,39,191,1,14,59.0,20,4.9,38.2,7.8,39,4.9,191,1,4,FielJu00
112,Javonte Williams,DEN,23,RB,4,4,15,11,51,4.6,0,1,33.3,17,2.8,12.8,73.3%,3.4,38,138,0,6,44.7,16,3.6,34.5,9.5,49,3.9,189,0,,WillJa10
113,Antonio Gibson,WAS,25,RB,5,0,16,12,132,11.0,0,6,43.8,41,2.4,26.4,75.0%,8.3,13,54,0,3,38.5,13,4.2,10.8,2.6,25,7.4,186,0,3,GibsAn00
114,Logan Thomas,WAS,32,TE,4,4,25,18,183,10.2,2,10,68.0,27,4.5,45.8,72.0%,7.3,1,2,0,1,100.0,2,2.0,0.5,0.3,19,9.7,185,2,1,ThomLo00
115,Alvin Kamara,NOR,28,RB,2,2,17,16,50,3.1,0,3,41.2,12,8.0,25.0,94.1%,2.9,33,131,1,7,48.5,13,4.0,65.5,16.5,49,3.7,181,1,,KamaAl00
116,Michael Gallup,DAL,27,WR,5,5,22,15,180,12.0,0,7,54.5,29,3.0,36.0,68.2%,8.2,,,0,0,,,,,,15,12.0,180,0,,GallMi00
117,Roschon Johnson,CHI,22,RB,5,0,12,11,58,5.3,0,1,33.3,8,2.2,11.6,91.7%,4.8,25,122,1,6,48.0,29,4.9,24.4,5.0,36,5.0,180,1,,JohnRo07
118,Hunter Henry,NWE,29,TE,5,4,25,17,176,10.4,2,11,68.0,21,3.4,35.2,68.0%,7.0,,,0,0,,,,,,17,10.4,176,2,,HenrHu00
119,Jake Ferguson,DAL,24,TE,5,4,28,20,175,8.8,1,9,53.6,21,4.0,35.0,71.4%,6.3,,,0,0,,,,,,20,8.8,175,1,,FergJa00
120,DJ Chark,CAR,27,WR,4,2,21,10,171,17.1,2,7,42.9,47,2.5,42.8,47.6%,8.1,,,0,0,,,,,,10,17.1,171,2,,CharDJ00
121,Nelson Agholor,BAL,30,WR,5,2,17,14,170,12.1,1,8,58.8,30,2.8,34.0,82.4%,10.0,,,0,0,,,,,,14,12.1,170,1,1,AghoNe00
122,Braxton Berrios,MIA,28,WR,5,0,18,15,159,10.6,1,10,55.6,22,3.0,31.8,83.3%,8.8,1,11,0,1,100.0,11,11.0,2.2,0.2,16,10.6,170,1,,BerrBr00
123,Rashee Rice,KAN,23,WR,5,0,24,17,173,10.2,2,11,58.3,25,3.4,34.6,70.8%,7.2,1,-3,0,0,0.0,-3,-3.0,-0.6,0.2,18,9.4,170,2,,RiceRa01
124,Kenneth Gainwell,PHI,24,RB,4,1,10,8,39,4.9,0,2,50.0,8,2.0,9.8,80.0%,3.9,39,128,0,6,38.5,16,3.3,32.0,9.8,47,3.6,167,0,1,GainKe00
125,Darius Slayton,NYG,26,WR,5,3,24,13,167,12.8,0,9,37.5,29,2.6,33.4,54.2%,7.0,,,0,0,,,,,,13,12.8,167,0,,SlayDa01
126,Tyler Boyd,CIN,29,WR,5,5,34,23,166,7.2,0,7,44.1,14,4.6,33.2,67.6%,4.9,,,0,0,,,,,,23,7.2,166,0,,BoydTy00
127,K.J. Osborn,MIN,26,WR,5,4,26,13,166,12.8,2,8,34.6,36,2.6,33.2,50.0%,6.4,,,0,0,,,,,,13,12.8,166,2,,OsboKJ00
128,Austin Ekeler,LAC,28,RB,1,1,5,4,47,11.8,0,2,40.0,35,4.0,47.0,80.0%,9.4,16,117,1,4,75.0,55,7.3,117.0,16.0,20,8.2,164,1,,EkelAu00
129,Noah Fant,SEA,26,TE,4,4,11,10,160,16.0,0,6,81.8,51,2.5,40.0,90.9%,14.5,,,0,0,,,,,,10,16.0,160,0,,FantNo00
130,Josh Palmer,LAC,24,WR,4,1,21,11,160,14.5,1,4,38.1,51,2.8,40.0,52.4%,7.6,,,0,0,,,,,,11,14.5,160,1,1,PalmJo00
131,Luke Musgrave,GNB,23,TE,5,4,23,18,159,8.8,0,5,47.8,37,3.6,31.8,78.3%,6.9,,,0,0,,,,,,18,8.8,159,0,,MusgLu00
132,Tyler Lockett,SEA,31,WR,4,4,27,17,157,9.2,2,9,59.3,23,4.3,39.3,63.0%,5.8,,,0,0,,,,,,17,9.2,157,2,,LockTy00
133,Saquon Barkley,NYG,26,RB,2,2,11,9,41,4.6,1,4,54.5,10,4.5,20.5,81.8%,3.7,29,114,1,7,51.7,18,3.9,57.0,14.5,38,4.1,155,2,,BarkSa00
134,Patrick Mahomes,KAN,28,QB,5,5,,,,,0,0,,,,,,,23,154,0,12,60.9,25,6.7,30.8,4.6,23,6.7,154,0,1,MahoPa00
135,Dalton Schultz,HOU,27,TE,5,1,27,17,154,9.1,2,8,48.1,29,3.4,30.8,63.0%,5.7,,,0,0,,,,,,17,9.1,154,2,,SchuDa00
136,Elijah Moore,CLE,23,WR,4,2,29,17,148,8.7,0,7,41.4,33,4.3,37.0,58.6%,5.1,7,3,0,1,28.6,19,0.4,0.8,1.8,24,6.3,151,0,1,MoorEl00
137,Demario Douglas,NWE,23,WR,5,0,17,10,143,14.3,0,6,47.1,42,2.0,28.6,58.8%,8.4,1,5,0,0,100.0,5,5.0,1.0,0.2,11,13.5,148,0,1,DougDe00
138,Calvin Austin,PIT,24,WR,5,1,22,12,143,11.9,1,4,36.4,72,2.4,28.6,54.5%,6.5,2,3,0,0,50.0,5,1.5,0.6,0.4,14,10.4,146,1,,AustCa00
139,Zach Ertz,ARI,33,TE,5,5,34,22,146,6.6,1,6,44.1,17,4.4,29.2,64.7%,4.3,,,0,0,,,,,,22,6.6,146,1,,ErtzZa00
140,Skyy Moore,KAN,23,WR,5,4,17,9,123,13.7,1,5,47.1,54,1.8,24.6,52.9%,7.2,3,23,0,1,100.0,11,7.7,4.6,0.6,12,12.2,146,1,,MoorSk01
141,Rico Dowdle,DAL,25,RB,5,0,6,5,50,10.0,1,2,66.7,17,1.0,10.0,83.3%,8.3,25,95,0,5,60.0,10,3.8,19.0,5.0,30,4.8,145,1,,DowdRi01
142,Mack Hollins,ATL,30,WR,5,2,19,9,143,15.9,0,4,36.8,45,1.8,28.6,47.4%,7.5,,,0,0,,,,,,9,15.9,143,0,,HollMa00
143,Nick Westbrook-Ikhine,TEN,26,WR,5,3,19,13,143,11.0,2,7,57.9,24,2.6,28.6,68.4%,7.5,,,0,0,,,,,,13,11.0,143,2,,WestNi00
144,Joshua Dobbs,ARI,28,QB,5,5,,,,,0,0,,,,,,,27,142,1,12,51.9,44,5.3,28.4,5.4,27,5.3,142,1,5,DobbJo00
145,Dalvin Cook,NYJ,28,RB,5,0,8,8,44,5.5,0,1,37.5,15,1.6,8.8,100.0%,5.5,36,97,0,6,38.9,10,2.7,19.4,7.2,44,3.2,141,0,1,CookDa01
146,Aaron Jones,GNB,29,RB,2,2,6,3,82,27.3,1,2,33.3,51,1.5,41.0,50.0%,13.7,14,59,1,3,71.4,9,4.2,29.5,7.0,17,8.3,141,2,,JoneAa00
147,Jahan Dotson,WAS,23,WR,5,5,30,17,140,8.2,1,7,40.0,18,3.4,28.0,56.7%,4.7,,,0,0,,,,,,17,8.2,140,1,,DotsJa00
148,Justice Hill,BAL,26,RB,4,1,7,7,25,3.6,0,1,57.1,10,1.8,6.3,100.0%,3.6,29,115,3,10,51.7,15,4.0,28.8,7.3,36,3.9,140,3,1,HillJu00
149,David Njoku,CLE,27,TE,4,4,18,16,138,8.6,0,5,55.6,29,4.0,34.5,88.9%,7.7,,,0,0,,,,,,16,8.6,138,0,1,NjokDa00
150,Allen Robinson,PIT,30,WR,5,5,26,17,137,8.1,0,4,46.2,31,3.4,27.4,65.4%,5.3,,,0,0,,,,,,17,8.1,137,0,,RobiAl02
151,Taysom Hill,NOR,33,QB,5,2,6,4,16,4.0,0,0,16.7,9,0.8,3.2,66.7%,2.7,23,120,0,7,65.2,19,5.2,24.0,4.6,27,5.0,136,0,,HillTa00
152,Anthony Richardson,IND,21,QB,4,4,,,,,0,0,,,,,,,25,136,4,8,64.0,23,5.4,34.0,6.3,25,5.4,136,4,3,RichAn03
153,Chris Moore,TEN,30,WR,5,1,8,4,134,33.5,0,4,50.0,49,0.8,26.8,50.0%,16.8,,,0,0,,,,,,4,33.5,134,0,1,MoorCh00
154,Noah Gray,KAN,24,TE,5,3,15,10,133,13.3,1,5,53.3,34,2.0,26.6,66.7%,8.9,,,0,0,,,,,,10,13.3,133,1,,GrayNo00
155,Trevor Lawrence,JAX,24,QB,5,5,,,,,0,0,,,,,,,30,132,0,8,40.0,22,4.4,26.4,6.0,30,4.4,132,0,6,LawrTr00
156,Kendre Miller,NOR,21,RB,3,0,6,6,58,9.7,0,3,50.0,33,2.0,19.3,100.0%,9.7,22,74,0,3,31.8,10,3.4,24.7,7.3,28,4.7,132,0,,MillKe01
157,Latavius Murray,BUF,33,RB,5,0,8,7,49,7.0,0,4,50.0,22,1.4,9.8,87.5%,6.1,19,83,2,6,52.6,29,4.4,16.6,3.8,26,5.1,132,2,,MurrLa00
158,Matt Breida,NYG,28,RB,5,3,10,10,49,4.9,0,2,30.0,22,2.0,9.8,100.0%,4.9,30,82,1,4,36.7,8,2.7,16.4,6.0,40,3.3,131,1,1,BreiMa00
159,Tee Higgins,CIN,24,WR,4,4,32,12,129,10.8,2,8,34.4,20,3.0,32.3,37.5%,4.0,,,0,0,,,,,,12,10.8,129,2,,HiggTe00
160,DeVante Parker,NWE,30,WR,4,4,19,12,129,10.8,0,6,52.6,22,3.0,32.3,63.2%,6.8,,,0,0,,,,,,12,10.8,129,0,,ParkDe01
161,Zach Charbonnet,SEA,22,RB,4,0,7,4,22,5.5,0,0,42.9,9,1.0,5.5,57.1%,3.1,21,104,0,8,57.1,15,5.0,26.0,5.3,25,5.0,126,0,,CharZa00
162,Alec Pierce,IND,23,WR,5,5,16,8,124,15.5,0,6,50.0,38,1.6,24.8,50.0%,7.8,,,0,0,,,,,,8,15.5,124,0,,PierAl00
163,Durham Smythe,MIA,28,TE,5,4,15,11,123,11.2,0,6,66.7,22,2.2,24.6,73.3%,8.2,,,0,0,,,,,,11,11.2,123,0,,SmytDu00
164,Brandon Johnson,DEN,25,WR,5,1,11,8,122,15.3,3,5,63.6,50,1.6,24.4,72.7%,11.1,,,0,0,,,,,,8,15.3,122,3,,JohnBr23
165,Josh Allen,BUF,27,QB,5,5,,,,,0,0,,,,,,,20,120,3,11,70.0,23,6.0,24.0,4.0,20,6.0,120,3,2,AlleJo02
166,Clyde Edwards-Helaire,KAN,24,RB,5,1,5,5,27,5.4,0,1,40.0,10,1.0,5.4,100.0%,5.4,28,93,1,5,35.7,16,3.3,18.6,5.6,33,3.6,120,1,,EdwaCl00
167,Devin Singletary,HOU,26,RB,5,0,5,4,25,6.3,0,2,40.0,11,0.8,5.0,80.0%,5.0,27,95,0,2,40.7,14,3.5,19.0,5.4,31,3.9,120,0,,SingDe00
168,Russell Wilson,DEN,35,QB,5,5,,,,,0,0,,,,,,,18,119,0,10,61.1,21,6.6,23.8,3.6,18,6.6,119,0,3,WilsRu00
169,Dalton Kincaid,BUF,24,TE,5,3,19,17,118,6.9,0,4,68.4,14,3.4,23.6,89.5%,6.2,,,0,0,,,,,,17,6.9,118,0,,KincDa00
170,Cooper Kupp,LAR,30,WR,1,1,12,8,118,14.8,0,6,58.3,39,8.0,118.0,66.7%,9.8,,,0,0,,,,,,8,14.8,118,0,,KuppCo00
171,KaVontae Turpin,DAL,27,WR,5,0,6,5,51,10.2,1,4,83.3,26,1.0,10.2,83.3%,8.5,6,66,1,3,66.7,46,11.0,13.2,1.2,11,10.6,117,2,1,TurpKa00
172,Mike Gesicki,NWE,28,TE,5,4,17,12,116,9.7,0,5,52.9,18,2.4,23.2,70.6%,6.8,,,0,0,,,,,,12,9.7,116,0,,GesiMi00
173,Marquez Valdes-Scantling,KAN,29,WR,5,5,11,7,116,16.6,0,5,54.5,37,1.4,23.2,63.6%,10.5,,,0,0,,,,,,7,16.6,116,0,,ValdMa00
174,Terrace Marshall Jr.,CAR,23,WR,4,2,24,16,114,7.1,0,7,50.0,14,4.0,28.5,66.7%,4.8,,,0,0,,,,,,16,7.1,114,0,1,MarsTe00
175,Van Jefferson,LAR,27,WR,5,4,15,8,108,13.5,0,4,33.3,46,1.6,21.6,53.3%,7.2,1,4,0,0,100.0,4,4.0,0.8,0.2,9,12.4,112,0,,JeffVa00
176,Jonathan Mingo,CAR,22,WR,4,4,26,13,112,8.6,0,5,34.6,22,3.3,28.0,50.0%,4.3,,,0,0,,,,,,13,8.6,112,0,,MingJo00
177,Christian Watson,GNB,24,WR,2,2,11,5,116,23.2,1,3,45.5,77,2.5,58.0,45.5%,10.5,1,-5,0,0,0.0,-5,-5.0,-2.5,0.5,6,18.5,111,1,,WatsCh00
178,Gerald Everett,LAC,29,TE,4,3,14,13,107,8.2,0,8,64.3,29,3.3,26.8,92.9%,7.6,1,2,0,0,0.0,2,2.0,0.5,0.3,14,7.8,109,0,1,EverGe00
179,Damien Harris,BUF,26,RB,5,0,2,2,16,8.0,0,0,0.0,13,0.4,3.2,100.0%,8.0,22,93,1,8,63.6,11,4.2,18.6,4.4,24,4.5,109,1,,HarrDa06
180,Jordan Love,GNB,25,QB,5,5,,,,,0,0,,,,,,,18,109,2,7,50.0,26,6.1,21.8,3.6,18,6.1,109,2,2,LoveJo03
181,Treylon Burks,TEN,23,WR,3,3,13,6,99,16.5,0,2,38.5,70,2.0,33.0,46.2%,7.6,1,9,0,0,100.0,9,9.0,3.0,0.3,7,15.4,108,0,,BurkTr00
182,Isaiah Hodgins,NYG,25,WR,5,5,14,10,107,10.7,1,5,71.4,24,2.0,21.4,71.4%,7.6,,,0,0,,,,,,10,10.7,107,1,1,HodgIs00
183,Darnell Mooney,CHI,26,WR,5,5,16,8,104,13.0,1,6,37.5,23,1.6,20.8,50.0%,6.5,,,0,0,,,,,,8,13.0,104,1,,MoonDa00
184,Chigoziem Okonkwo,TEN,24,TE,5,4,22,15,104,6.9,0,5,36.4,20,3.0,20.8,68.2%,4.7,,,0,0,,,,,,15,6.9,104,0,,OkonCh00
185,Kylen Granson,IND,25,TE,5,1,22,13,103,7.9,1,9,45.5,17,2.6,20.6,59.1%,4.7,,,0,0,,,,,,13,7.9,103,1,,GranKy00
186,Jordan Mason,SFO,24,RB,5,0,2,1,13,13.0,0,1,50.0,13,0.2,2.6,50.0%,6.5,16,90,1,5,75.0,26,5.6,18.0,3.2,17,6.1,103,1,,MasoJo00
187,Deonte Harty,BUF,26,WR,5,0,14,11,100,9.1,0,5,50.0,43,2.2,20.0,78.6%,7.1,3,2,0,0,33.3,4,0.7,0.4,0.6,14,7.3,102,0,1,HarrDe07
188,Sam Howell,WAS,23,QB,5,5,,,,,0,0,,,,,,,15,101,1,5,46.7,20,6.7,20.2,3.0,15,6.7,101,1,2,HoweSa00
189,Jauan Jennings,SFO,26,WR,4,0,8,5,101,20.2,0,4,50.0,31,1.3,25.3,62.5%,12.6,,,0,0,,,,,,5,20.2,101,0,,JennJa00
190,Hayden Hurst,CAR,30,TE,5,4,19,13,100,7.7,1,5,63.2,14,2.6,20.0,68.4%,5.3,,,0,0,,,,,,13,7.7,100,1,,HursHa00
191,Melvin Gordon,BAL,30,RB,2,0,3,3,46,15.3,0,3,100.0,23,1.5,23.0,100.0%,15.3,13,53,0,2,23.1,22,4.1,26.5,6.5,16,6.2,99,0,,GordMe00
192,Jalin Hyatt,NYG,22,WR,5,0,5,4,99,24.8,0,2,60.0,58,0.8,19.8,80.0%,19.8,,,0,0,,,,,,4,24.8,99,0,,HyatJa00
193,Cam Akers,2TM,24,,3,1,4,4,14,3.5,0,0,25.0,9,1.3,4.7,100.0%,3.5,32,84,1,5,37.5,12,2.6,28.0,10.7,36,2.7,98,1,,AkerCa00
194,Andrew Ogletree,IND,25,TE,4,3,10,7,95,13.6,1,6,60.0,22,1.8,23.8,70.0%,9.5,,,0,0,,,,,,7,13.6,95,1,,OgleAn00
195,Dontayvion Wicks,GNB,22,WR,5,2,14,7,95,13.6,1,5,50.0,32,1.4,19.0,50.0%,6.8,,,0,0,,,,,,7,13.6,95,1,,WickDo00
196,Jerick McKinnon,KAN,31,RB,5,0,12,9,71,7.9,2,5,41.7,15,1.8,14.2,75.0%,5.9,7,21,0,3,42.9,10,3.0,4.2,1.4,16,5.8,92,2,,McKiJe00
197,Tony Jones,NOR,26,RB,4,1,6,4,21,5.3,0,1,33.3,10,1.0,5.3,66.7%,3.5,21,70,2,6,47.6,19,3.3,17.5,5.3,25,3.6,91,2,,JoneTo04
198,Cade Otton,TAM,24,TE,4,4,15,12,89,7.4,1,4,33.3,16,3.0,22.3,80.0%,5.9,,,0,0,,,,,,12,7.4,89,1,,OttoCa00
199,Emari Demercado,ARI,24,RB,5,0,9,6,40,6.7,0,2,22.2,13,1.2,8.0,66.7%,4.4,14,48,1,2,35.7,11,3.4,9.6,2.8,20,4.4,88,1,,DemeEm00
200,Dyami Brown,WAS,24,WR,5,0,10,6,87,14.5,0,3,60.0,35,1.2,17.4,60.0%,8.7,,,0,0,,,,,,6,14.5,87,0,,BrowDy00
201,River Cracraft,MIA,29,WR,3,1,8,6,87,14.5,1,6,75.0,24,2.0,29.0,75.0%,10.9,,,0,0,,,,,,6,14.5,87,1,,CracRi00
202,Colby Parkinson,SEA,24,TE,4,1,10,6,87,14.5,0,5,60.0,21,1.5,21.8,60.0%,8.7,,,0,0,,,,,,6,14.5,87,0,,ParkCo02
203,Wan'Dale Robinson,NYG,22,WR,3,1,17,14,79,5.6,0,6,41.2,12,4.7,26.3,82.4%,4.6,2,8,0,1,50.0,7,4.0,2.7,0.7,16,5.4,87,0,,RobiWa01
204,JuJu Smith-Schuster,NWE,27,WR,5,3,25,14,86,6.1,0,4,32.0,15,2.8,17.2,56.0%,3.4,,,0,0,,,,,,14,6.1,86,0,,SmitJu00
205,Kadarius Toney,KAN,24,WR,5,2,19,14,83,5.9,0,7,42.1,17,2.8,16.6,73.7%,4.4,3,3,0,0,0.0,3,1.0,0.6,0.6,17,5.1,86,0,1,ToneKa00
206,Parris Campbell,NYG,26,WR,5,3,23,16,85,5.3,0,1,34.8,17,3.2,17.0,69.6%,3.7,,,0,0,,,,,,16,5.3,85,0,,CampPa00
207,Derius Davis,LAC,23,WR,4,0,4,4,24,6.0,0,0,50.0,11,1.0,6.0,100.0%,6.0,4,61,0,2,50.0,51,15.3,15.3,1.0,8,10.6,85,0,1,DaviDe02
208,John Bates,WAS,26,TE,5,2,10,8,83,10.4,0,2,80.0,35,1.6,16.6,80.0%,8.3,,,0,0,,,,,,8,10.4,83,0,,BateJo00
209,Deven Thompkins,TAM,24,WR,4,1,11,8,61,7.6,1,4,45.5,26,2.0,15.3,72.7%,5.5,2,22,0,2,100.0,11,11.0,5.5,0.5,10,8.3,83,1,1,ThomDe07
210,Deshaun Watson,CLE,28,QB,3,3,,,,,0,0,,,,,,,15,83,1,7,66.7,13,5.5,27.7,5.0,15,5.5,83,1,4,WatsDe00
211,Zach Wilson,NYJ,24,QB,5,4,,,,,0,0,,,,,,,15,83,0,4,60.0,16,5.5,16.6,3.0,15,5.5,83,0,3,WilsZa00
212,Cole Turner,WAS,23,TE,5,1,12,8,82,10.3,0,3,58.3,21,1.6,16.4,66.7%,6.8,,,0,0,,,,,,8,10.3,82,0,,TurnCo00
213,Laviska Shenault Jr.,CAR,25,WR,5,0,4,4,28,7.0,0,2,50.0,14,0.8,5.6,100.0%,7.0,11,53,0,3,54.5,11,4.8,10.6,2.2,15,5.4,81,0,,ShenLa00
214,Jamaal Williams,NOR,28,RB,2,2,2,2,7,3.5,0,0,50.0,5,1.0,3.5,100.0%,3.5,27,74,0,3,40.7,11,2.7,37.0,13.5,29,2.8,81,0,1,WillJa06
215,Odell Beckham Jr.,BAL,31,WR,3,2,11,7,79,11.3,0,4,63.6,29,2.3,26.3,63.6%,7.2,,,0,0,,,,,,7,11.3,79,0,,BeckOd00
216,Brandin Cooks,DAL,30,WR,4,4,19,9,73,8.1,0,6,42.1,16,2.3,18.3,47.4%,3.8,1,6,0,0,100.0,6,6.0,1.5,0.3,10,7.9,79,0,1,CookBr00
217,Trey McBride,ARI,24,TE,5,2,10,8,79,9.9,0,4,70.0,23,1.6,15.8,80.0%,7.9,,,0,0,,,,,,8,9.9,79,0,,McBrTr01
218,Zay Jones,JAX,28,WR,3,2,18,8,78,9.8,2,5,44.4,18,2.7,26.0,44.4%,4.3,,,0,0,,,,,,8,9.8,78,2,,JoneZa00
219,Trenton Irwin,CIN,28,WR,4,1,11,9,77,8.6,0,5,54.5,17,2.3,19.3,81.8%,7.0,,,0,0,,,,,,9,8.6,77,0,2,IrwiTr00
220,Pierre Strong,CLE,25,RB,4,0,1,0,0,,0,0,0.0,0,0.0,0.0,0.0%,0.0,13,77,1,3,53.8,40,5.9,19.3,3.3,13,5.9,77,1,,StroPi00
221,Michael Carter,NYJ,24,RB,5,0,11,9,44,4.9,0,2,27.3,10,1.8,8.8,81.8%,4.0,5,31,0,2,40.0,9,6.2,6.2,1.0,14,5.4,75,0,,CartMi03
222,Dawson Knox,BUF,27,TE,5,5,19,11,75,6.8,1,5,36.8,15,2.2,15.0,57.9%,3.9,,,0,0,,,,,,11,6.8,75,1,,KnoxDa00
223,Donovan Peoples-Jones,CLE,24,WR,4,3,14,6,75,12.5,0,3,42.9,29,1.5,18.8,42.9%,5.4,,,0,0,,,,,,6,12.5,75,0,1,PeopDo00
224,Ty Chandler,MIN,25,RB,5,0,5,4,31,7.8,0,1,40.0,18,0.8,6.2,80.0%,6.2,8,42,0,2,50.0,15,5.3,8.4,1.6,12,6.1,73,0,,ChanTy01
225,John Metchie,HOU,23,WR,4,0,7,6,72,12.0,0,4,71.4,22,1.5,18.0,85.7%,10.3,,,0,0,,,,,,6,12.0,72,0,,MetcJo00
226,Craig Reynolds,DET,27,RB,5,0,1,1,-2,-2.0,0,0,0.0,-2,0.2,-0.4,100.0%,-2.0,14,74,1,4,57.1,19,5.3,14.8,2.8,15,4.8,72,1,,ReynCr00
227,Pharaoh Brown,NWE,29,TE,5,3,2,2,71,35.5,1,2,100.0,58,0.4,14.2,100.0%,35.5,,,0,0,,,,,,2,35.5,71,1,,BrowPh01
228,Jalen Tolbert,DAL,24,WR,5,2,9,7,71,10.1,0,4,77.8,18,1.4,14.2,77.8%,7.9,,,0,0,,,,,,7,10.1,71,0,,TolbJa00
229,Olamide Zaccheaus,PHI,26,WR,5,0,5,3,69,23.0,1,3,60.0,34,0.6,13.8,60.0%,13.8,,,0,0,,,,,,3,23.0,69,1,,ZaccOl01
230,Robbie Chosen,MIA,30,WR,3,0,2,1,68,68.0,1,1,50.0,68,0.3,22.7,50.0%,34.0,,,0,0,,,,,,1,68.0,68,1,,AndeRo04
231,Cedrick Wilson Jr.,MIA,28,WR,3,0,6,5,68,13.6,0,3,66.7,23,1.7,22.7,83.3%,11.3,,,0,0,,,,,,5,13.6,68,0,,WilsCe01
232,Mo Alie-Cox,IND,30,TE,5,3,5,3,67,22.3,1,3,60.0,35,0.6,13.4,60.0%,13.4,,,0,0,,,,,,3,22.3,67,1,,AlieMo00
233,Rashod Bateman,BAL,24,WR,4,2,12,8,67,8.4,0,3,58.3,18,2.0,16.8,66.7%,5.6,,,0,0,,,,,,8,8.4,67,0,,BateRa00
234,Gary Brightwell,NYG,24,RB,5,0,7,5,47,9.4,0,2,42.9,18,1.0,9.4,71.4%,6.7,9,19,0,0,22.2,5,2.1,3.8,1.8,14,4.7,66,0,,BrigGa00
235,Chris Brooks,MIA,23,RB,5,0,,,,,0,0,,,,,,,9,66,0,1,33.3,52,7.3,13.2,1.8,9,7.3,66,0,,BrooCh00
236,Bryce Young,CAR,22,QB,4,4,,,,,0,0,,,,,,,8,65,0,3,50.0,26,8.1,16.3,2.0,8,8.1,65,0,3,YounBr01
237,Josh Oliver,MIN,26,TE,5,4,10,8,64,8.0,1,4,50.0,18,1.6,12.8,80.0%,6.4,,,0,0,,,,,,8,8.0,64,1,1,OlivJo00
238,Austin Hooper,LVR,29,TE,5,2,7,6,62,10.3,0,2,71.4,20,1.2,12.4,85.7%,8.9,,,0,0,,,,,,6,10.3,62,0,,HoopAu00
239,Ronnie Rivers,LAR,24,RB,5,0,3,3,14,4.7,0,0,0.0,10,0.6,2.8,100.0%,4.7,10,48,0,2,60.0,9,4.8,9.6,2.0,13,4.8,62,0,,RiveRo01
240,Jaxon Smith-Njigba,SEA,21,WR,4,0,20,12,62,5.2,0,2,25.0,16,3.0,15.5,60.0%,3.1,,,0,0,,,,,,12,5.2,62,0,,SmitJa06
241,Juwan Johnson,NOR,27,TE,3,3,12,7,61,8.7,0,1,41.7,27,2.3,20.3,58.3%,5.1,,,0,0,,,,,,7,8.7,61,0,,JohnJu02
242,Baker Mayfield,TAM,28,QB,4,4,,,,,0,0,,,,,,,23,61,0,4,39.1,10,2.7,15.3,5.8,23,2.7,61,0,1,MayfBa00
243,Mac Jones,NWE,25,QB,5,5,,,,,0,0,,,,,,,15,60,0,7,60.0,18,4.0,12.0,3.0,15,4.0,60,0,2,JoneMa05
244,Adam Trautman,DEN,26,TE,5,3,14,9,60,6.7,1,3,50.0,15,1.8,12.0,64.3%,4.3,,,0,0,,,,,,9,6.7,60,1,,TrauAd00
245,Hunter Renfrow,LVR,28,WR,5,1,9,6,59,9.8,0,3,44.4,23,1.2,11.8,66.7%,6.6,,,0,0,,,,,,6,9.8,59,0,,RenfHu00
246,Patrick Taylor,GNB,25,RB,4,0,10,5,28,5.6,0,3,30.0,12,1.3,7.0,50.0%,2.8,11,31,0,2,18.2,10,2.8,7.8,2.8,16,3.7,59,0,,TaylPa01
247,Samori Toure,GNB,25,WR,5,0,9,4,59,14.8,0,3,33.3,35,0.8,11.8,44.4%,6.6,,,0,0,,,,,,4,14.8,59,0,,TourSa00
248,Deuce Vaughn,DAL,22,RB,5,0,5,5,19,3.8,0,1,20.0,11,1.0,3.8,100.0%,3.8,20,40,0,1,10.0,13,2.0,8.0,4.0,25,2.4,59,0,,VaugDe00
249,Josiah Deguara,GNB,26,TE,5,3,7,7,58,8.3,0,3,71.4,19,1.4,11.6,100.0%,8.3,,,0,0,,,,,,7,8.3,58,0,,DeguJo00
250,Alec Ingold,MIA,27,FB,5,5,3,3,57,19.0,0,3,100.0,23,0.6,11.4,100.0%,19.0,2,0,0,0,0.0,0,0.0,0.0,0.4,5,11.4,57,0,,IngoAl01
251,Brandon Powell,MIN,28,WR,5,0,7,5,48,9.6,0,3,42.9,26,1.0,9.6,71.4%,6.9,1,9,0,0,100.0,9,9.0,1.8,0.2,6,9.5,57,0,1,PoweBr00
252,Justin Herbert,LAC,25,QB,4,4,,,,,0,0,,,,,,,20,55,3,8,40.0,15,2.8,13.8,5.0,20,2.8,55,3,1,HerbJu00
253,Elijah Mitchell,SFO,25,RB,2,0,4,3,2,0.7,0,0,25.0,9,1.5,1.0,75.0%,0.5,16,52,0,2,25.0,18,3.3,26.0,8.0,19,2.8,54,0,,MitcEl00
254,Jamal Agnew,JAX,28,WR,4,0,6,5,54,10.8,0,4,83.3,14,1.3,13.5,83.3%,9.0,3,-1,0,0,0.0,1,-0.3,-0.3,0.8,8,6.6,53,0,1,AgneJa00
255,Pat Freiermuth,PIT,25,TE,4,4,13,8,53,6.6,2,4,38.5,14,2.0,13.3,61.5%,4.1,,,0,0,,,,,,8,6.6,53,2,,FreiPa00
256,C.J. Stroud,HOU,22,QB,5,5,1,1,0,0.0,0,0,0.0,0,0.2,0.0,100.0%,0.0,15,53,0,6,60.0,11,3.5,10.6,3.0,16,3.3,53,0,3,StroCJ00
257,Salvon Ahmed,MIA,25,RB,3,0,6,3,28,9.3,0,1,50.0,19,1.0,9.3,50.0%,4.7,6,24,0,1,66.7,10,4.0,8.0,2.0,9,5.8,52,0,,AhmeSa01
258,Will Dissly,SEA,27,TE,3,3,5,5,52,10.4,0,3,80.0,16,1.7,17.3,100.0%,10.4,,,0,0,,,,,,5,10.4,52,0,,DissWi00
259,Chase Claypool,CHI,25,WR,3,2,14,4,51,12.8,1,3,21.4,20,1.3,17.0,28.6%,3.6,,,0,0,,,,,,4,12.8,51,1,,ClayCh01
260,Desmond Ridder,ATL,24,QB,5,5,1,1,-6,-6.0,0,0,0.0,-6,0.2,-1.2,100.0%,-6.0,18,57,2,4,38.9,9,3.2,11.4,3.6,19,2.7,51,2,3,RiddDe00
261,Ameer Abdullah,LVR,30,RB,5,0,10,6,46,7.7,0,2,30.0,13,1.2,9.2,60.0%,4.6,1,4,0,0,0.0,4,4.0,0.8,0.2,7,7.1,50,0,,AbduAm00
262,Boston Scott,PHI,28,RB,4,0,1,1,7,7.0,0,0,0.0,7,0.3,1.8,100.0%,7.0,6,43,0,3,83.3,18,7.2,10.8,1.5,7,7.1,50,0,,ScotBo02
263,Tre Tucker,LVR,22,WR,4,0,2,0,0,,0,0,0.0,0,0.0,0.0,0.0%,0.0,2,50,0,2,100.0,34,25.0,12.5,0.5,2,25.0,50,0,,TuckTr00
264,Will Mallory,IND,24,TE,1,0,2,2,49,24.5,0,2,100.0,43,2.0,49.0,100.0%,24.5,,,0,0,,,,,,2,24.5,49,0,,MallWi00
265,Matthew Stafford,LAR,35,QB,5,5,,,,,0,0,,,,,,,10,49,0,3,50.0,9,4.9,9.8,2.0,10,4.9,49,0,,StafMa00
266,Tanner Hudson,CIN,29,TE,2,0,6,4,48,12.0,0,2,66.7,26,2.0,24.0,66.7%,8.0,,,0,0,,,,,,4,12.0,48,0,,HudsTa00
267,Diontae Johnson,PIT,27,WR,2,1,6,3,48,16.0,0,2,50.0,26,1.5,24.0,50.0%,8.0,,,0,0,,,,,,3,16.0,48,0,,JohnDi01
268,Kareem Hunt,CLE,28,RB,2,0,3,2,22,11.0,0,1,33.3,13,1.0,11.0,66.7%,7.3,10,25,0,2,50.0,6,2.5,12.5,5.0,12,3.9,47,0,,HuntKa00
269,KhaDarel Hodge,ATL,28,WR,5,0,4,4,45,11.3,0,4,100.0,15,0.8,9.0,100.0%,11.3,1,0,0,0,0.0,-1,0.0,0.0,0.2,5,9.0,45,0,1,HodgKh00
270,Dak Prescott,DAL,30,QB,5,5,,,,,0,0,,,,,,,12,45,0,5,50.0,15,3.8,9.0,2.4,12,3.8,45,0,,PresDa01
271,Quentin Johnston,LAC,22,WR,4,1,11,6,44,7.3,0,3,36.4,18,1.5,11.0,54.5%,4.0,,,0,0,,,,,,6,7.3,44,0,,JohnQu02
272,Zamir White,LVR,24,RB,5,0,1,1,5,5.0,0,0,0.0,5,0.2,1.0,100.0%,5.0,8,39,0,2,62.5,11,4.9,7.8,1.6,9,4.9,44,0,1,WhitZa01
273,Connor Heyward,PIT,24,TE,5,0,10,5,42,8.4,0,2,50.0,12,1.0,8.4,50.0%,4.2,1,0,0,0,0.0,0,0.0,0.0,0.2,6,7.0,42,0,,HeywCo00
274,Trey Palmer,TAM,22,WR,4,0,9,6,42,7.0,2,4,55.6,20,1.5,10.5,66.7%,4.7,,,0,0,,,,,,6,7.0,42,2,,PalmTr00
275,Tank Bigsby,JAX,22,RB,5,0,2,0,0,,0,0,0.0,0,0.0,0.0,0.0%,0.0,15,41,2,5,46.7,9,2.7,8.2,3.0,15,2.7,41,2,1,BigsTa00
276,Michael Mayer,LVR,22,TE,5,3,5,3,41,13.7,0,2,40.0,20,0.6,8.2,60.0%,8.2,,,0,0,,,,,,3,13.7,41,0,,MayeMi00
277,Brevin Jordan,HOU,23,TE,5,0,4,4,40,10.0,1,3,100.0,16,0.8,8.0,100.0%,10.0,,,0,0,,,,,,4,10.0,40,1,,JordBr00
278,Ryan Tannehill,TEN,35,QB,5,5,,,,,0,0,,,,,,,12,40,1,2,33.3,13,3.3,8.0,2.4,12,3.3,40,1,3,TannRy00
279,Tyler Scott,CHI,22,WR,5,0,5,3,20,6.7,0,1,60.0,9,0.6,4.0,60.0%,4.0,2,19,0,0,100.0,11,9.5,3.8,0.4,5,7.8,39,0,,ScotTy00
280,Trent Sherfield,BUF,27,WR,5,0,7,5,39,7.8,0,1,42.9,9,1.0,7.8,71.4%,5.6,,,0,0,,,,,,5,7.8,39,0,,SherTr00
281,J.K. Dobbins,BAL,25,RB,1,1,3,2,15,7.5,0,0,66.7,10,2.0,15.0,66.7%,5.0,8,22,1,1,50.0,4,2.8,22.0,8.0,10,3.7,37,1,,DobbJK00
282,Isaiah Spiller,LAC,22,RB,3,0,2,2,15,7.5,0,1,100.0,10,0.7,5.0,100.0%,7.5,8,22,0,0,37.5,6,2.8,7.3,2.7,10,3.7,37,0,,SpilIs00
283,Kyle Juszczyk,SFO,32,FB,5,5,5,5,30,6.0,1,3,100.0,9,1.0,6.0,100.0%,6.0,3,6,0,1,66.7,3,2.0,1.2,0.6,8,4.5,36,1,,JuszKy00
284,Ian Thomas,CAR,27,TE,5,2,4,2,36,18.0,0,1,25.0,28,0.4,7.2,50.0%,9.0,,,0,0,,,,,,2,18.0,36,0,,ThomIa00
285,Justyn Ross,KAN,24,WR,5,0,6,3,34,11.3,0,1,50.0,20,0.6,6.8,50.0%,5.7,,,0,0,,,,,,3,11.3,34,0,,RossJu00
286,Jonathan Taylor,IND,24,RB,1,0,1,1,16,16.0,0,1,100.0,16,1.0,16.0,100.0%,16.0,6,18,0,0,33.3,5,3.0,18.0,6.0,7,4.9,34,0,,TaylJo02
287,Donald Parham,LAC,26,TE,4,3,8,6,33,5.5,3,5,75.0,16,1.5,8.3,75.0%,4.1,,,0,0,,,,,,6,5.5,33,3,,ParhDo00
288,Teagan Quitoriano,HOU,23,TE,5,4,3,2,33,16.5,0,2,66.7,22,0.4,6.6,66.7%,11.0,,,0,0,,,,,,2,16.5,33,0,,QuitTe00
289,Josh Whyle,TEN,24,TE,5,1,3,3,33,11.0,1,3,100.0,24,0.6,6.6,100.0%,11.0,,,0,0,,,,,,3,11.0,33,1,,WhylJo01
290,Brock Wright,DET,25,TE,5,1,5,5,33,6.6,0,0,80.0,9,1.0,6.6,100.0%,6.6,,,0,0,,,,,,5,6.6,33,0,,WrigBr01
291,Isaiah Likely,BAL,23,TE,5,3,4,3,32,10.7,0,1,75.0,20,0.6,6.4,75.0%,8.0,,,0,0,,,,,,3,10.7,32,0,,LikeIs00
292,MyCole Pruitt,ATL,31,TE,5,4,3,2,32,16.0,0,2,66.7,22,0.4,6.4,66.7%,10.7,,,0,0,,,,,,2,16.0,32,0,,PruiMy00
293,Sean Tucker,TAM,22,RB,4,0,2,2,9,4.5,0,0,50.0,6,0.5,2.3,100.0%,4.5,15,23,0,1,26.7,7,1.5,5.8,3.8,17,1.9,32,0,,TuckSe00
294,Ronnie Bell,SFO,23,WR,5,0,4,3,31,10.3,1,2,75.0,15,0.6,6.2,75.0%,7.8,,,0,0,,,,,,3,10.3,31,1,,BellRo01
295,Kenyan Drake,BAL,29,RB,2,0,3,2,31,15.5,0,0,66.7,24,1.0,15.5,66.7%,10.3,1,0,0,0,0.0,0,0.0,0.0,0.5,3,10.3,31,0,1,DrakKe00
296,Luke Farrell,JAX,26,TE,5,2,4,4,30,7.5,0,2,75.0,16,0.8,6.0,100.0%,7.5,,,0,0,,,,,,4,7.5,30,0,,FarrLu00
297,Marvin Jones,DET,33,WR,5,4,9,4,30,7.5,0,1,22.2,16,0.8,6.0,44.4%,3.3,,,0,0,,,,,,4,7.5,30,0,1,JoneMa02
298,Byron Pringle,WAS,30,WR,5,0,5,3,29,9.7,0,1,40.0,15,0.6,5.8,60.0%,5.8,,,0,0,,,,,,3,9.7,29,0,,PrinBy00
299,Deon Jackson,IND,24,RB,2,1,6,5,14,2.8,0,0,33.3,8,2.5,7.0,83.3%,2.3,13,14,0,1,15.4,7,1.1,7.0,6.5,18,1.6,28,0,2,JackDe02
300,Jeremy Ruckert,NYJ,23,TE,5,0,3,3,28,9.3,0,1,33.3,23,0.6,5.6,100.0%,9.3,,,0,0,,,,,,3,9.3,28,0,,RuckJe00
301,Trey Sermon,IND,24,RB,3,0,2,1,4,4.0,0,0,0.0,4,0.3,1.3,50.0%,2.0,8,24,0,0,37.5,5,3.0,8.0,2.7,9,3.1,28,0,,SermTr00
302,Keith Smith,ATL,31,FB,5,3,1,1,28,28.0,0,1,100.0,28,0.2,5.6,100.0%,28.0,,,0,0,,,,,,1,28.0,28,0,,SmitKe03
303,Robert Tonyan,CHI,29,TE,5,2,6,4,28,7.0,0,1,33.3,9,0.8,5.6,66.7%,4.7,,,0,0,,,,,,4,7.0,28,0,,TonyRo00
304,David Bell,CLE,23,WR,4,0,4,3,27,9.0,0,2,75.0,14,0.8,6.8,75.0%,6.8,,,0,0,,,,,,3,9.0,27,0,,BellDa02
305,Khalil Shakir,BUF,23,WR,5,2,4,3,27,9.0,1,2,75.0,11,0.6,5.4,75.0%,6.8,,,0,0,,,,,,3,9.0,27,1,,ShakKh00
306,Irv Smith Jr.,CIN,25,TE,3,3,9,5,27,5.4,0,1,11.1,8,1.7,9.0,55.6%,3.0,,,0,0,,,,,,5,5.4,27,0,,SmitIr01
307,Khari Blasingame,CHI,27,FB,5,0,1,0,0,,0,0,0.0,0,0.0,0.0,0.0%,0.0,8,26,0,0,25.0,6,3.3,5.2,1.6,8,3.3,26,0,,BlasKh00
308,DeeJay Dallas,SEA,25,RB,4,0,3,2,12,6.0,0,1,33.3,14,0.5,3.0,66.7%,4.0,5,14,0,0,40.0,8,2.8,3.5,1.3,7,3.7,26,0,,DallDe00
309,Eric Gray,NYG,24,RB,5,0,1,1,1,1.0,0,0,0.0,1,0.2,0.2,100.0%,1.0,12,25,0,0,25.0,8,2.1,5.0,2.4,13,2.0,26,0,2,GrayEr01
310,Brycen Hopkins,LAR,26,TE,5,0,3,2,26,13.0,0,1,66.7,21,0.4,5.2,66.7%,8.7,,,0,0,,,,,,2,13.0,26,0,,HopkBr01
311,Lil'Jordan Humphrey,DEN,25,WR,5,4,5,4,26,6.5,1,2,80.0,11,0.8,5.2,80.0%,5.2,,,0,0,,,,,,4,6.5,26,1,,HumpLi01
312,Foster Moreau,NOR,26,TE,3,3,3,3,26,8.7,1,2,100.0,14,1.0,8.7,100.0%,8.7,,,0,0,,,,,,3,8.7,26,1,,MoreFo00
313,Hunter Luepke,DAL,23,RB,5,0,1,1,12,12.0,0,1,100.0,12,0.2,2.4,100.0%,12.0,3,13,1,2,66.7,9,4.3,2.6,0.6,4,6.3,25,1,,LuepHu00
314,DeAndre Carter,LVR,30,WR,5,1,4,2,21,10.5,0,0,25.0,16,0.4,4.2,50.0%,5.3,2,3,0,1,50.0,3,1.5,0.6,0.4,4,6.0,24,0,1,CartDe02
315,D'Onta Foreman,CHI,27,RB,1,0,3,2,8,4.0,0,0,0.0,5,2.0,8.0,66.7%,2.7,5,16,0,2,40.0,11,3.2,16.0,5.0,7,3.4,24,0,,ForeDO00
316,Brock Purdy,SFO,24,QB,5,5,,,,,0,0,,,,,,,12,24,2,5,50.0,17,2.0,4.8,2.4,12,2.0,24,2,4,PurdBr00
317,Ben Skowronek,LAR,26,WR,5,0,5,2,13,6.5,0,1,20.0,10,0.4,2.6,40.0%,2.6,1,11,0,1,100.0,11,11.0,2.2,0.2,3,8.0,24,0,,SkowBe00
318,Stone Smartt,LAC,25,TE,4,1,2,1,24,24.0,0,1,50.0,24,0.3,6.0,50.0%,12.0,,,0,0,,,,,,1,24.0,24,0,,SmarSt00
319,Dorian Thompson-Robinson,CLE,24,QB,2,1,,,,,0,0,,,,,,,4,24,0,1,25.0,12,6.0,12.0,2.0,4,6.0,24,0,1,ThomDo02
320,Trayveon Williams,CIN,26,RB,5,0,4,2,4,2.0,0,0,0.0,3,0.4,0.8,50.0%,1.0,5,20,0,1,40.0,5,4.0,4.0,1.0,7,3.4,24,0,,WillTr06
321,Devin Duvernay,BAL,26,WR,5,1,7,2,8,4.0,0,0,0.0,10,0.4,1.6,28.6%,1.1,3,15,0,0,66.7,8,5.0,3.0,0.6,5,4.6,23,0,,DuveDe00
322,Jimmy Garoppolo,LVR,32,QB,4,4,,,,,0,0,,,,,,,16,23,0,4,25.0,8,1.4,5.8,4.0,16,1.4,23,0,1,GaroJi00
323,Keaontay Ingram,ARI,24,RB,3,0,1,1,8,8.0,0,0,0.0,8,0.3,2.7,100.0%,8.0,12,15,0,0,16.7,8,1.3,5.0,4.0,13,1.8,23,0,,IngrKe01
324,D'Ernest Johnson,JAX,27,RB,5,0,3,3,15,5.0,0,2,66.7,9,0.6,3.0,100.0%,5.0,6,8,0,0,16.7,8,1.3,1.6,1.2,9,2.6,23,0,,JohnDE04
325,Ray-Ray McCloud,SFO,27,WR,5,1,3,3,23,7.7,0,2,66.7,14,0.6,4.6,100.0%,7.7,,,0,0,,,,,,3,7.7,23,0,,McClRa00
326,Sterling Shepard,NYG,30,WR,5,0,5,3,23,7.7,0,2,40.0,13,0.6,4.6,60.0%,4.6,,,0,0,,,,,,3,7.7,23,0,,ShepSt00
327,Daniel Bellinger,NYG,23,TE,5,3,4,4,22,5.5,0,0,75.0,8,0.8,4.4,100.0%,5.5,,,0,0,,,,,,4,5.5,22,0,,BellDa00
328,Mike Boone,HOU,28,RB,4,0,4,3,18,6.0,0,1,50.0,12,0.8,4.5,75.0%,4.5,1,4,0,1,100.0,4,4.0,1.0,0.3,4,5.5,22,0,1,BoonMi00
329,Kirk Cousins,MIN,35,QB,5,5,,,,,0,0,,,,,,,8,22,0,4,50.0,10,2.8,4.4,1.6,8,2.8,22,0,5,CousKi00
330,Greg Dulcich,DEN,23,TE,1,1,2,2,22,11.0,0,2,100.0,13,2.0,22.0,100.0%,11.0,,,0,0,,,,,,2,11.0,22,0,,DulcGr00
331,Erik Ezukanma,MIA,23,WR,2,0,1,0,0,,0,0,0.0,0,0.0,0.0,0.0%,0.0,5,22,0,1,60.0,12,4.4,11.0,2.5,5,4.4,22,0,,EzukEr00
332,Jake Funk,IND,25,RB,4,0,1,1,12,12.0,0,1,100.0,12,0.3,3.0,100.0%,12.0,2,10,0,0,0.0,7,5.0,2.5,0.5,3,7.3,22,0,,FunkJa00
333,Geoff Swaim,ARI,30,TE,5,1,3,2,22,11.0,0,2,66.7,11,0.4,4.4,66.7%,7.3,,,0,0,,,,,,2,11.0,22,0,,SwaiGe00
334,C.J. Uzomah,NYJ,30,TE,5,3,4,4,22,5.5,1,3,100.0,9,0.8,4.4,100.0%,5.5,,,0,0,,,,,,4,5.5,22,1,,UzomC.00
335,Jamison Crowder,WAS,30,WR,5,0,2,2,21,10.5,0,2,100.0,11,0.4,4.2,100.0%,10.5,,,0,0,,,,,,2,10.5,21,0,,CrowJa00
336,Tyrion Davis-Price,SFO,23,RB,1,0,,,,,0,0,,,,,,,6,21,0,1,50.0,15,3.5,21.0,6.0,6,3.5,21,0,,DaviTy03
337,Zonovan Knight,DET,22,RB,2,0,1,1,8,8.0,0,0,100.0,8,0.5,4.0,100.0%,8.0,3,13,0,0,33.3,8,4.3,6.5,1.5,4,5.3,21,0,,KnigZo00
338,Ty Montgomery,NWE,30,WR,5,0,8,3,14,4.7,0,1,25.0,11,0.6,2.8,37.5%,1.8,2,7,0,0,50.0,7,3.5,1.4,0.4,5,4.2,21,0,,MontTy01
339,Equanimeous St. Brown,CHI,27,WR,2,0,2,1,21,21.0,0,1,50.0,21,0.5,10.5,50.0%,10.5,,,0,0,,,,,,1,21.0,21,0,,St.BEq00
340,Tua Tagovailoa,MIA,25,QB,5,5,,,,,0,0,,,,,,,13,21,0,2,15.4,7,1.6,4.2,2.6,13,1.6,21,0,5,TagoTu00
341,Quez Watkins,PHI,25,WR,3,2,5,4,21,5.3,0,1,60.0,9,1.3,7.0,80.0%,4.2,,,0,0,,,,,,4,5.3,21,0,,WatkQu00
342,Trevon Wesco,TEN,28,TE,5,3,2,1,21,21.0,0,1,50.0,21,0.2,4.2,50.0%,10.5,,,0,0,,,,,,1,21.0,21,0,,WescTr00
343,Jordan Akins,CLE,31,TE,4,1,4,3,20,6.7,0,1,50.0,12,0.8,5.0,75.0%,5.0,,,0,0,,,,,,3,6.7,20,0,,AkinJo00
344,Randall Cobb,NYJ,33,WR,5,1,9,3,20,6.7,0,2,22.2,12,0.6,4.0,33.3%,2.2,,,0,0,,,,,,3,6.7,20,0,,CobbRa00
345,Chase Edmonds,TAM,27,RB,2,0,,,,,0,0,,,,,,,4,20,0,2,75.0,14,5.0,10.0,2.0,4,5.0,20,0,,EdmoCh00
346,Isaiah McKenzie,IND,28,WR,5,0,5,3,16,5.3,0,1,40.0,7,0.6,3.2,60.0%,3.2,1,4,0,0,100.0,4,4.0,0.8,0.2,4,5.0,20,0,,McKeIs00
347,Geno Smith,SEA,33,QB,4,4,1,1,-2,-2.0,0,0,0.0,-2,0.3,-0.5,100.0%,-2.0,8,22,0,0,25.0,15,2.8,5.5,2.0,9,2.2,20,0,,SmitGe00
348,Nate Adkins,DEN,24,TE,4,0,4,3,19,6.3,0,1,25.0,11,0.8,4.8,75.0%,4.8,,,0,0,,,,,,3,6.3,19,0,,AdkiNa00
349,Noah Brown,HOU,27,WR,1,0,4,3,20,6.7,0,0,50.0,7,3.0,20.0,75.0%,5.0,1,-1,0,0,0.0,-1,-1.0,-1.0,1.0,4,4.8,19,0,,BrowNo00
350,Elijah Dotson,LAC,24,RB,4,0,2,2,13,6.5,0,0,100.0,7,0.5,3.3,100.0%,6.5,4,6,0,0,25.0,2,1.5,1.5,1.0,6,3.2,19,0,,DotsEl00
351,Zach Pascal,ARI,29,WR,5,0,7,4,19,4.8,0,1,42.9,9,0.8,3.8,57.1%,2.7,,,0,0,,,,,,4,4.8,19,0,,PascZa00
352,Ke'Shawn Vaughn,TAM,26,RB,2,0,1,1,3,3.0,0,0,0.0,3,0.5,1.5,100.0%,3.0,9,16,0,0,22.2,8,1.8,8.0,4.5,10,1.9,19,0,,VaugKe00
353,Lawrence Cager,NYG,26,TE,4,0,2,2,17,8.5,0,1,100.0,9,0.5,4.3,100.0%,8.5,,,0,0,,,,,,2,8.5,17,0,,CageLa01
354,Xavier Gipson,NYJ,22,WR,5,0,1,1,4,4.0,0,0,0.0,4,0.2,0.8,100.0%,4.0,2,13,0,1,50.0,14,6.5,2.6,0.4,3,5.7,17,0,3,GipsXa00
355,Mitchell Wilcox,CIN,27,TE,5,0,4,3,17,5.7,0,0,50.0,7,0.6,3.4,75.0%,4.3,,,0,0,,,,,,3,5.7,17,0,,WilcMi01
356,Emanuel Wilson,GNB,24,RB,3,0,1,1,6,6.0,0,0,100.0,6,0.3,2.0,100.0%,6.0,5,11,0,0,40.0,7,2.2,3.7,1.7,6,2.8,17,0,1,WilsEm00
357,Tyrod Taylor,NYG,34,QB,4,0,,,,,0,0,,,,,,,4,16,0,1,25.0,9,4.0,4.0,1.0,4,4.0,16,0,,TaylTy00
358,Tommy Tremble,CAR,23,TE,5,1,2,2,16,8.0,1,1,100.0,15,0.4,3.2,100.0%,8.0,,,0,0,,,,,,2,8.0,16,1,,TremTo00
359,C.J. Ham,MIN,30,FB,5,2,4,3,14,4.7,0,1,50.0,7,0.6,2.8,75.0%,3.5,,,0,0,,,,,,3,4.7,14,0,,HamxC.00
360,Rashaad Penny,PHI,27,RB,1,0,1,1,5,5.0,0,0,100.0,5,1.0,5.0,100.0%,5.0,3,9,0,1,33.3,6,3.0,9.0,3.0,4,3.5,14,0,,PennRa00
361,Patrick Ricard,BAL,29,FB,5,2,1,1,14,14.0,0,1,100.0,14,0.2,2.8,100.0%,14.0,,,0,0,,,,,,1,14.0,14,0,,RicaPa00
362,Harrison Bryant,CLE,25,TE,4,2,5,3,7,2.3,1,1,20.0,3,0.8,1.8,60.0%,1.4,3,6,0,3,100.0,2,2.0,1.5,0.8,6,2.2,13,1,,BryaHa00
363,Blake Bell,KAN,32,TE,5,0,3,2,12,6.0,1,1,66.7,8,0.4,2.4,66.7%,4.0,,,0,0,,,,,,2,6.0,12,1,,BellBl00
364,Andy Dalton,CAR,36,QB,3,1,,,,,0,0,,,,,,,3,12,0,2,66.7,10,4.0,4.0,1.0,3,4.0,12,0,,DaltAn00
365,Jared Goff,DET,29,QB,5,5,,,,,0,0,,,,,,,14,12,2,4,28.6,11,0.9,2.4,2.8,14,0.9,12,2,,GoffJa00
366,Jakob Johnson,LVR,29,FB,5,2,2,1,12,12.0,0,0,50.0,12,0.2,2.4,50.0%,6.0,,,0,0,,,,,,1,12.0,12,0,,JohnJa12
367,Kenny Pickett,PIT,25,QB,5,5,,,,,0,0,,,,,,,16,12,0,4,31.3,10,0.8,2.4,3.2,16,0.8,12,0,,PickKe00
368,Ben Sims,GNB,23,TE,5,0,1,1,12,12.0,0,1,100.0,12,0.2,2.4,100.0%,12.0,,,0,0,,,,,,1,12.0,12,0,,SimsBe00
369,Chris Evans,CIN,26,RB,3,0,1,1,-1,-1.0,0,0,0.0,-1,0.3,-0.3,100.0%,-1.0,2,12,0,0,0.0,7,6.0,4.0,0.7,3,3.7,11,0,,EvanCh02
370,Drew Lock,SEA,27,QB,1,0,,,,,0,0,,,,,,,1,11,0,1,100.0,11,11.0,11.0,1.0,1,11.0,11,0,,LockDr00
371,Anthony McFarland Jr.,PIT,24,RB,2,0,2,2,11,5.5,0,1,100.0,6,1.0,5.5,100.0%,5.5,,,0,0,,,,,,2,5.5,11,0,,McFaAn00
372,Johnny Mundt,MIN,29,TE,5,0,1,1,11,11.0,0,1,100.0,11,0.2,2.2,100.0%,11.0,,,0,0,,,,,,1,11.0,11,0,,MundJo00
373,Keisean Nixon,GNB,26,CB,5,3,,,,,0,0,,,,,,,1,11,0,1,100.0,11,11.0,2.2,0.2,1,11.0,11,0,,NixoKe00
374,Joe Burrow,CIN,27,QB,5,5,,,,,0,0,,,,,,,12,10,0,2,33.3,10,0.8,2.0,2.4,12,0.8,10,0,1,BurrJo01
375,Rakim Jarrett,TAM,22,WR,4,0,2,2,10,5.0,0,0,50.0,7,0.5,2.5,100.0%,5.0,1,0,0,0,0.0,0,0.0,0.0,0.3,3,3.3,10,0,,JarrRa00
376,Tim Jones,JAX,25,WR,5,1,5,3,10,3.3,0,0,20.0,6,0.6,2.0,60.0%,2.0,,,0,0,,,,,,3,3.3,10,0,,JoneTi00
377,Chris Manhertz,DEN,31,TE,5,1,2,1,10,10.0,0,1,50.0,10,0.2,2.0,50.0%,5.0,,,0,0,,,,,,1,10.0,10,0,,ManhCh00
378,Scott Miller,ATL,26,WR,5,0,2,2,10,5.0,0,0,50.0,7,0.4,2.0,100.0%,5.0,,,0,0,,,,,,2,5.0,10,0,,MillSc01
379,Adam Prentice,NOR,26,FB,5,1,2,1,5,5.0,0,0,50.0,5,0.2,1.0,50.0%,2.5,1,5,0,0,100.0,5,5.0,1.0,0.2,2,5.0,10,0,1,PrenAd00
380,Jack Stoll,PHI,25,TE,5,3,3,2,10,5.0,0,0,66.7,6,0.4,2.0,66.7%,3.3,,,0,0,,,,,,2,5.0,10,0,,StolJa00
381,Cody Thompson,SEA,27,WR,4,0,1,1,10,10.0,0,0,0.0,10,0.3,2.5,100.0%,10.0,,,0,0,,,,,,1,10.0,10,0,,ThomCo04
382,Darnell Washington,PIT,22,TE,5,4,3,1,10,10.0,0,1,33.3,10,0.2,2.0,33.3%,3.3,,,0,0,,,,,,1,10.0,10,0,,WashDa03
383,Xavier Hutchinson,HOU,23,WR,5,0,2,1,9,9.0,0,1,50.0,9,0.2,1.8,50.0%,4.5,,,0,0,,,,,,1,9.0,9,0,,HutcXa00
384,Andrei Iosivas,CIN,24,WR,5,0,2,1,9,9.0,0,0,50.0,9,0.2,1.8,50.0%,4.5,,,0,0,,,,,,1,9.0,9,0,,IosiAn00
385,Willie Snead,SFO,31,WR,1,0,1,1,9,9.0,0,0,100.0,9,1.0,9.0,100.0%,9.0,,,0,0,,,,,,1,9.0,9,0,,SneaWi00
386,Jake Bobo,SEA,25,WR,4,0,4,2,8,4.0,1,1,25.0,5,0.5,2.0,50.0%,2.0,,,0,0,,,,,,2,4.0,8,1,,BoboJa00
387,Jimmy Graham,NOR,37,TE,5,1,2,1,8,8.0,1,1,50.0,8,0.2,1.6,50.0%,4.0,,,0,0,,,,,,1,8.0,8,1,,GrahJi00
388,Tyler Huntley,BAL,25,QB,1,0,,,,,0,0,,,,,,,2,8,0,0,0.0,6,4.0,8.0,2.0,2,4.0,8,0,,HuntTy01
389,Marcedes Lewis,CHI,39,TE,5,1,1,1,8,8.0,0,0,100.0,8,0.2,1.6,100.0%,8.0,,,0,0,,,,,,1,8.0,8,0,,LewiMa00
390,Evan Hull,IND,23,RB,1,0,1,1,6,6.0,0,0,100.0,6,1.0,6.0,100.0%,6.0,1,1,0,0,0.0,1,1.0,1.0,1.0,2,3.5,7,0,,HullEv00
391,Velus Jones Jr.,CHI,26,WR,4,0,,,,,0,0,,,,,,,2,7,0,0,50.0,10,3.5,1.8,0.5,2,3.5,7,0,,JoneVe00
392,Cordarrelle Patterson,ATL,32,RB,2,0,1,1,7,7.0,0,0,100.0,7,0.5,3.5,100.0%,7.0,,,0,0,,,,,,1,7.0,7,0,,PattCo00
393,Chris Rodriguez,WAS,23,RB,3,0,,,,,0,0,,,,,,,3,7,0,1,33.3,3,2.3,2.3,1.0,3,2.3,7,0,,RodrCh00
394,Brenton Strange,JAX,23,TE,5,0,3,2,7,3.5,0,0,0.0,4,0.4,1.4,66.7%,2.3,,,0,0,,,,,,2,3.5,7,0,,StraBr00
395,Michael Burton,DEN,31,FB,5,0,1,1,3,3.0,0,1,100.0,3,0.2,0.6,100.0%,3.0,1,3,0,1,100.0,3,3.0,0.6,0.2,2,3.0,6,0,,BurtMi00
396,Mecole Hardman,NYJ,25,WR,4,0,1,1,6,6.0,0,0,100.0,6,0.3,1.5,100.0%,6.0,,,0,0,,,,,,1,6.0,6,0,,HardMe00
397,Richie James,KAN,28,WR,2,0,3,1,6,6.0,0,0,33.3,6,0.5,3.0,33.3%,2.0,,,0,0,,,,,,1,6.0,6,0,1,JameRi00
398,Charlie Jones,CIN,25,WR,3,0,2,1,6,6.0,0,1,50.0,6,0.3,2.0,50.0%,3.0,,,0,0,,,,,,1,6.0,6,0,,JoneCh11
399,Drew Sample,CIN,27,TE,5,2,2,2,6,3.0,0,0,0.0,7,0.4,1.2,100.0%,3.0,,,0,0,,,,,,2,3.0,6,0,,SampDr00
400,Miles Boykin,PIT,27,WR,5,0,2,1,5,5.0,0,0,0.0,5,0.2,1.0,50.0%,2.5,,,0,0,,,,,,1,5.0,5,0,,BoykMi00
401,Derek Carr,NOR,32,QB,5,5,,,,,0,0,,,,,,,10,5,0,1,30.0,7,0.5,1.0,2.0,10,0.5,5,0,1,CarrDe02
402,Tucker Kraft,GNB,23,TE,5,0,2,2,5,2.5,0,0,50.0,6,0.4,1.0,100.0%,2.5,,,0,0,,,,,,2,2.5,5,0,,KrafTu00
403,Cedric Tillman,CLE,23,WR,4,0,3,1,5,5.0,0,1,33.3,5,0.3,1.3,33.3%,1.7,,,0,0,,,,,,1,5.0,5,0,,TillCe01
404,Ashtyn Davis,NYJ,27,S,5,1,,,,,0,0,,,,,,,1,4,0,1,100.0,4,4.0,0.8,0.2,1,4.0,4,0,,DaviAs00
405,Gardner Minshew II,IND,27,QB,5,1,,,,,0,0,,,,,,,4,4,0,0,0.0,2,1.0,0.8,0.8,4,1.0,4,0,1,MinsGa00
406,Dare Ogunbowale,HOU,29,RB,1,0,,,,,0,0,,,,,,,2,4,0,1,50.0,2,2.0,4.0,2.0,2,2.0,4,0,,OgunDa00
407,Reggie Gilliam,BUF,26,FB,5,0,1,1,3,3.0,0,0,0.0,3,0.2,0.6,100.0%,3.0,,,0,0,,,,,,1,3.0,3,0,,GillRe00
408,Peyton Hendershot,DAL,24,TE,3,0,2,1,3,3.0,0,0,0.0,3,0.3,1.0,50.0%,1.5,1,0,0,0,0.0,0,0.0,0.0,0.3,2,1.5,3,0,,HendPe01
409,Aidan O'Connell,LVR,25,QB,1,1,,,,,0,0,,,,,,,3,3,1,2,66.7,2,1.0,3.0,3.0,3,1.0,3,1,3,OConAi00
410,Jalen Reeves-Maybin,DET,28,LB,5,0,,,,,0,0,,,,,,,1,3,0,1,100.0,3,3.0,0.6,0.2,1,3.0,3,0,,ReevJa00
411,Cole Strange,NWE,25,OL,2,2,0,0,3,,0,0,,,0.0,1.5,0.0%,,,,0,0,,,,,,,,3,0,,StraCo01
412,Andrew Beck,HOU,27,FB,5,5,1,0,0,,0,0,0.0,0,0.0,0.0,0.0%,0.0,2,2,0,1,50.0,2,1.0,0.4,0.4,2,1.0,2,0,,BeckAn01
413,Antoine Green,DET,24,WR,4,0,1,1,2,2.0,0,0,0.0,2,0.3,0.5,100.0%,2.0,,,0,0,,,,,,1,2.0,2,0,,GreeAn00
414,Kwamie Lassiter II,CIN,25,WR,1,0,1,1,2,2.0,0,0,0.0,2,1.0,2.0,100.0%,2.0,,,0,0,,,,,,1,2.0,2,0,,LassKw00
415,Giovanni Ricci,CAR,27,TE,5,0,1,1,2,2.0,0,0,0.0,2,0.2,0.4,100.0%,2.0,,,0,0,,,,,,1,2.0,2,0,,RiccGi00
416,Zeke Turner,ARI,27,LB,5,1,,,,,0,0,,,,,,,1,2,0,1,100.0,2,2.0,0.4,0.2,1,2.0,2,0,,TurnZe00
417,Jameson Williams,DET,22,WR,1,0,3,2,2,1.0,0,0,0.0,4,2.0,2.0,66.7%,0.7,,,0,0,,,,,,2,1.0,2,0,,WillJa11
418,Nick Bawden,NYJ,27,FB,5,1,,,,,0,0,,,,,,,1,1,1,1,100.0,1,1.0,0.2,0.2,1,1.0,1,1,,BawdNi00
419,Chase Brown,CIN,23,RB,4,0,2,2,-1,-0.5,0,0,0.0,2,0.5,-0.3,100.0%,-0.5,1,2,0,0,0.0,2,2.0,0.5,0.3,3,0.3,1,0,,BrowCh10
420,Marquise Goodwin,CLE,33,WR,4,0,5,1,0,0.0,0,0,0.0,0,0.3,0.0,20.0%,0.0,1,1,0,0,0.0,1,1.0,0.3,0.3,2,0.5,1,0,,GoodMa00
421,Keith Kirkwood,NOR,29,WR,5,2,4,1,1,1.0,0,0,0.0,1,0.2,0.2,25.0%,0.3,,,0,0,,,,,,1,1.0,1,0,,KirkKe00
422,Luke Schoonmaker,DAL,25,TE,5,0,6,1,1,1.0,1,1,16.7,1,0.2,0.2,16.7%,0.2,,,0,0,,,,,,1,1.0,1,1,,SchoLu00